player_id,player_firstname,player_lastname,pos,fga,defReb,fgm,tpm,totReb,offReb,turnovers,fta,pFouls,assists,points,game_id,steals,team_id,plusMinus,ftm,tpa,blocks
1,Alex,Abrines,G,46.0,6.0,22.0,16.0,7.0,1.0,1.0,2.0,23.0,3.0,62.0,14582,1.0,150,18.0,2.0,33.0,0.0
2,Quincy,Acy,C,14.0,8.0,10.0,4.0,8.0,0.0,2.0,0.0,2.0,2.0,24.0,5004,2.0,8,-24.0,0.0,4.0,0.0
2,Quincy,Acy,F,14.0,16.0,8.0,4.0,16.0,0.0,2.0,2.0,16.0,6.0,22.0,5726,4.0,32,48.0,2.0,10.0,0.0
4,Steven,Adams,C,715.0,361.0,411.0,0.0,668.0,307.0,153.0,276.0,211.0,95.0,989.0,189710,98.0,2200,242.0,167.0,1.0,91.0
5,Arron,Afflalo,F,126.0,36.0,57.0,14.0,37.0,1.0,11.0,31.0,27.0,25.0,156.0,41965,6.0,510,-133.0,28.0,36.0,1.0
5,Arron,Afflalo,G,235.0,68.0,102.0,35.0,74.0,6.0,21.0,51.0,62.0,39.0,284.0,58150,13.0,960,-17.0,45.0,89.0,4.0
6,Alexis,Ajinca,C,93.0,70.0,47.0,0.0,86.0,16.0,19.0,19.0,30.0,8.0,107.0,30296,9.0,345,-89.0,13.0,2.0,8.0
6,Alexis,Ajinca,F,11.0,9.0,5.0,0.0,13.0,4.0,4.0,10.0,8.0,0.0,17.0,4727,4.0,46,7.0,7.0,0.0,2.0
7,Cole,Aldrich,C,5.0,4.0,4.0,0.0,6.0,2.0,3.0,2.0,3.0,0.0,10.0,1501,1.0,22,-5.0,2.0,0.0,3.0
8,LaMarcus,Aldridge,C,28.0,8.0,11.0,1.0,12.0,4.0,1.0,4.0,4.0,4.0,26.0,5666,0.0,62,-45.0,3.0,2.0,2.0
8,LaMarcus,Aldridge,F,1308.0,438.0,621.0,24.0,655.0,217.0,127.0,326.0,200.0,161.0,1529.0,199153,60.0,2790,297.0,263.0,69.0,104.0
10,Lavoy,Allen,F,34.0,15.0,19.0,0.0,32.0,17.0,7.0,6.0,8.0,7.0,40.0,11569,4.0,75,-10.0,2.0,0.0,3.0
11,Tony,Allen,F,130.0,51.0,65.0,1.0,90.0,39.0,23.0,37.0,30.0,15.0,156.0,23934,23.0,247,14.0,25.0,9.0,8.0
11,Tony,Allen,G,433.0,168.0,194.0,14.0,284.0,116.0,72.0,88.0,136.0,75.0,454.0,118828,85.0,1007,21.0,52.0,44.0,20.0
12,Al-Farouq,Aminu,F,244.0,173.0,92.0,34.0,211.0,38.0,44.0,55.0,51.0,61.0,256.0,59254,30.0,928,-28.0,38.0,117.0,19.0
14,Chris,Andersen,C,3.0,6.0,2.0,0.0,7.0,1.0,1.0,6.0,2.0,6.0,10.0,2903,0.0,14,28.0,6.0,0.0,1.0
15,Alan,Anderson,F,2.0,0.0,1.0,1.0,0.0,0.0,0.0,0.0,1.0,1.0,3.0,1469,0.0,16,-11.0,0.0,1.0,0.0
17,Justin,Anderson,F,142.0,36.0,68.0,24.0,58.0,22.0,20.0,58.0,32.0,34.0,204.0,46400,16.0,448,-74.0,44.0,68.0,4.0
17,Justin,Anderson,G,52.0,20.0,20.0,6.0,26.0,6.0,0.0,20.0,10.0,20.0,60.0,6148,2.0,32,-22.0,14.0,20.0,0.0
18,Kyle,Anderson,F,63.0,48.0,27.0,2.0,60.0,12.0,5.0,14.0,13.0,32.0,66.0,19457,8.0,279,73.0,10.0,9.0,9.0
18,Kyle,Anderson,G,30.0,37.0,15.0,4.0,44.0,7.0,6.0,8.0,12.0,18.0,41.0,15284,11.0,279,61.0,7.0,6.0,4.0
19,Ryan,Anderson,F,922.0,279.0,381.0,235.0,412.0,133.0,67.0,183.0,177.0,79.0,1154.0,185497,37.0,1232,466.0,157.0,598.0,19.0
20,Giannis,Antetokounmpo,C,17.0,3.0,14.0,0.0,6.0,3.0,0.0,2.0,0.0,1.0,30.0,2381,3.0,34,0.0,2.0,1.0,1.0
20,Giannis,Antetokounmpo,F,1350.0,594.0,704.0,52.0,745.0,151.0,252.0,658.0,265.0,456.0,1955.0,188987,143.0,1806,29.0,495.0,188.0,160.0
20,Giannis,Antetokounmpo,G,82.0,36.0,44.0,3.0,42.0,6.0,21.0,39.0,17.0,25.0,119.0,9053,5.0,126,9.0,28.0,10.0,6.0
21,Carmelo,Anthony,F,1456.0,389.0,632.0,161.0,454.0,65.0,163.0,378.0,209.0,221.0,1740.0,162758,64.0,1896,-243.0,315.0,440.0,36.0
23,Trevor,Ariza,F,940.0,475.0,381.0,222.0,540.0,65.0,85.0,149.0,169.0,206.0,1098.0,209151,166.0,1358,386.0,114.0,648.0,23.0
25,Darrell,Arthur,F,40.0,13.0,20.0,11.0,18.0,5.0,6.0,1.0,10.0,12.0,52.0,14450,2.0,63,-37.0,1.0,24.0,3.0
27,Omer,Asik,C,67.0,98.0,35.0,0.0,134.0,36.0,13.0,36.0,40.0,11.0,93.0,38748,5.0,529,-48.0,23.0,1.0,11.0
28,D.J.,Augustin,G,138.0,32.0,55.0,33.0,35.0,3.0,27.0,31.0,37.0,76.0,169.0,40947,15.0,572,-51.0,26.0,81.0,0.0
30,Luke,Babbitt,F,263.0,120.0,111.0,86.0,130.0,10.0,21.0,11.0,113.0,35.0,316.0,124412,18.0,1140,-2.0,8.0,203.0,9.0
32,Ron,Baker,G,88.0,29.0,33.0,8.0,34.0,5.0,22.0,9.0,33.0,47.0,80.0,33110,11.0,312,-46.0,6.0,34.0,3.0
33,Wade,Baldwin IV,G,14.0,5.0,3.0,0.0,6.0,1.0,6.0,12.0,3.0,5.0,15.0,3033,4.0,38,-28.0,9.0,4.0,0.0
35,J.J.,Barea,G,118.0,27.0,52.0,16.0,30.0,3.0,19.0,17.0,8.0,45.0,136.0,15166,5.0,72,-14.0,16.0,46.0,0.0
36,Harrison,Barnes,F,1340.0,318.0,615.0,81.0,417.0,99.0,107.0,295.0,141.0,121.0,1566.0,178843,68.0,688,-202.0,255.0,240.0,16.0
37,Matt,Barnes,F,246.0,154.0,98.0,48.0,184.0,30.0,58.0,44.0,90.0,120.0,276.0,76444,24.0,890,-128.0,32.0,142.0,10.0
38,Will,Barton,F,37.0,15.0,21.0,9.0,18.0,3.0,5.0,4.0,6.0,12.0,55.0,4661,1.0,18,40.0,4.0,15.0,2.0
38,Will,Barton,G,272.0,74.0,122.0,32.0,102.0,28.0,45.0,85.0,51.0,70.0,341.0,40380,18.0,207,-32.0,65.0,80.0,12.0
39,Brandon,Bass,F,9.0,9.0,4.0,0.0,10.0,1.0,2.0,4.0,0.0,2.0,12.0,1506,1.0,16,-14.0,4.0,0.0,0.0
40,Nicolas,Batum,G,1024.0,452.0,412.0,143.0,500.0,48.0,204.0,294.0,115.0,469.0,1218.0,172269,91.0,410,44.0,251.0,426.0,32.0
41,Jerryd,Bayless,G,10.0,3.0,4.0,1.0,4.0,1.0,2.0,2.0,1.0,2.0,11.0,1758,0.0,27,-16.0,2.0,1.0,0.0
42,Aron,Baynes,C,21.0,11.0,14.0,0.0,15.0,4.0,4.0,8.0,7.0,2.0,36.0,3158,1.0,20,8.0,8.0,0.0,0.0
42,Aron,Baynes,F,3.0,0.0,1.0,0.0,0.0,0.0,0.0,0.0,1.0,0.0,2.0,2128,0.0,10,-18.0,0.0,0.0,4.0
44,Kent,Bazemore,F,276.0,76.0,105.0,30.0,89.0,13.0,46.0,43.0,56.0,66.0,274.0,44150,39.0,26,-8.0,34.0,106.0,15.0
44,Kent,Bazemore,G,418.0,103.0,179.0,55.0,125.0,22.0,79.0,105.0,97.0,97.0,486.0,95259,45.0,43,-57.0,73.0,147.0,34.0
46,Malik,Beasley,G,17.0,2.0,8.0,1.0,3.0,1.0,2.0,0.0,2.0,3.0,17.0,2757,1.0,9,19.0,0.0,4.0,0.0
47,Michael,Beasley,F,71.0,20.0,41.0,1.0,25.0,5.0,4.0,10.0,10.0,10.0,92.0,14618,7.0,126,-8.0,9.0,6.0,4.0
48,Marco,Belinelli,G,5.0,1.0,2.0,2.0,1.0,0.0,4.0,5.0,2.0,0.0,10.0,1525,0.0,5,-8.0,4.0,2.0,0.0
49,DeAndre',Bembry,G,12.0,8.0,6.0,1.0,11.0,3.0,4.0,4.0,5.0,2.0,15.0,4258,2.0,2,-7.0,2.0,4.0,1.0
51,Anthony,Bennett,F,6.0,10.0,3.0,0.0,14.0,4.0,1.0,2.0,4.0,1.0,7.0,1819,0.0,4,-2.0,1.0,3.0,0.0
52,Davis,Bertans,C,8.0,4.0,3.0,1.0,4.0,0.0,0.0,1.0,3.0,1.0,8.0,4818,0.0,62,-19.0,1.0,5.0,2.0
52,Davis,Bertans,F,38.0,10.0,17.0,11.0,16.0,6.0,3.0,0.0,4.0,5.0,45.0,9400,5.0,124,31.0,0.0,26.0,0.0
53,Patrick,Beverley,G,656.0,344.0,274.0,132.0,460.0,116.0,118.0,111.0,260.0,319.0,766.0,180613,116.0,1106,389.0,86.0,343.0,28.0
54,Bismack,Biyombo,C,140.0,173.0,72.0,0.0,235.0,62.0,33.0,115.0,72.0,35.0,195.0,53923,13.0,702,-60.0,51.0,0.0,36.0
54,Bismack,Biyombo,F,14.0,14.0,4.0,0.0,19.0,5.0,2.0,12.0,5.0,2.0,12.0,4655,3.0,78,-20.0,4.0,0.0,2.0
55,Nemanja,Bjelica,F,27.0,12.0,12.0,7.0,14.0,2.0,5.0,4.0,5.0,6.0,35.0,3172,3.0,44,0.0,4.0,15.0,1.0
56,Tarik,Black,C,55.0,28.0,25.0,1.0,58.0,30.0,17.0,20.0,33.0,10.0,66.0,28791,4.0,204,-41.0,15.0,1.0,10.0
56,Tarik,Black,F,23.0,16.0,12.0,0.0,27.0,11.0,7.0,8.0,12.0,4.0,27.0,9030,3.0,68,1.0,3.0,0.0,2.0
59,Eric,Bledsoe,G,1079.0,292.0,464.0,112.0,350.0,58.0,238.0,482.0,173.0,447.0,1449.0,142621,101.0,2016,-160.0,409.0,329.0,31.0
60,Bojan,Bogdanovic,F,445.0,129.0,189.0,72.0,142.0,13.0,72.0,117.0,76.0,71.0,551.0,82669,16.0,160,-273.0,101.0,200.0,2.0
60,Bojan,Bogdanovic,G,155.0,42.0,73.0,23.0,51.0,9.0,21.0,41.0,22.0,17.0,206.0,22878,8.0,56,-18.0,37.0,70.0,1.0
61,Andrew,Bogut,C,182.0,346.0,86.0,0.0,472.0,126.0,104.0,26.0,180.0,108.0,182.0,89856,26.0,416,-168.0,10.0,2.0,52.0
64,Devin,Booker,F,61.0,6.0,27.0,11.0,7.0,1.0,9.0,4.0,12.0,11.0,69.0,7616,4.0,123,-43.0,4.0,23.0,2.0
64,Devin,Booker,G,1462.0,210.0,621.0,145.0,259.0,49.0,245.0,462.0,246.0,276.0,1772.0,168330,76.0,2240,-195.0,385.0,409.0,19.0
65,Trevor,Booker,F,366.0,307.0,191.0,15.0,404.0,97.0,84.0,80.0,101.0,100.0,450.0,88407,59.0,192,-362.0,53.0,50.0,21.0
68,Avery,Bradley,G,1093.0,336.0,501.0,155.0,421.0,85.0,128.0,125.0,185.0,176.0,1249.0,171977,95.0,156,53.0,92.0,410.0,16.0
70,Corey,Brewer,F,64.0,24.0,24.0,6.0,28.0,4.0,8.0,28.0,18.0,14.0,74.0,27518,18.0,186,-118.0,20.0,26.0,8.0
70,Corey,Brewer,G,52.0,22.0,18.0,6.0,26.0,4.0,10.0,4.0,26.0,14.0,46.0,22020,4.0,168,40.0,4.0,32.0,2.0
71,Malcolm,Brogdon,G,357.0,112.0,161.0,45.0,142.0,30.0,53.0,50.0,71.0,154.0,415.0,85887,33.0,756,-54.0,48.0,113.0,9.0
75,Jaylen,Brown,F,52.0,21.0,22.0,8.0,29.0,8.0,9.0,24.0,21.0,12.0,67.0,13512,6.0,14,-16.0,15.0,18.0,3.0
75,Jaylen,Brown,G,118.0,51.0,52.0,15.0,62.0,11.0,19.0,49.0,49.0,17.0,153.0,34733,12.0,30,18.0,34.0,42.0,3.0
78,Nicolas,Brussino,F,8.0,6.0,4.0,4.0,8.0,2.0,3.0,3.0,2.0,2.0,15.0,2755,2.0,8,5.0,3.0,8.0,0.0
78,Nicolas,Brussino,G,12.0,4.0,4.0,2.0,7.0,3.0,4.0,4.0,1.0,5.0,13.0,2696,2.0,8,-11.0,3.0,8.0,0.0
82,Reggie,Bullock,F,6.0,1.0,2.0,0.0,1.0,0.0,1.0,1.0,5.0,1.0,4.0,2140,0.0,10,-12.0,0.0,2.0,1.0
82,Reggie,Bullock,G,32.0,12.0,17.0,10.0,17.0,5.0,4.0,2.0,10.0,6.0,45.0,9771,3.0,40,38.0,1.0,22.0,0.0
86,Jimmy,Butler,F,1124.0,311.0,488.0,85.0,424.0,113.0,148.0,599.0,104.0,352.0,1584.0,150034,129.0,460,119.0,523.0,239.0,28.0
86,Jimmy,Butler,G,271.0,76.0,145.0,15.0,103.0,27.0,30.0,158.0,20.0,109.0,436.0,36650,30.0,90,55.0,131.0,37.0,9.0
88,Jose,Calderon,G,204.0,81.0,90.0,33.0,99.0,18.0,66.0,6.0,60.0,144.0,219.0,77646,12.0,567,-354.0,6.0,81.0,3.0
89,Kentavious,Caldwell-Pope,G,986.0,204.0,391.0,162.0,262.0,58.0,95.0,205.0,124.0,207.0,1116.0,167978,97.0,810,-92.0,172.0,462.0,12.0
91,Isaiah,Canaan,G,29.0,7.0,17.0,7.0,7.0,0.0,5.0,6.0,4.0,5.0,47.0,7102,1.0,18,-9.0,6.0,16.0,1.0
92,Clint,Capela,C,631.0,419.0,396.0,0.0,620.0,201.0,91.0,211.0,198.0,75.0,900.0,162074,42.0,1036,270.0,108.0,1.0,102.0
94,Vince,Carter,F,112.0,42.0,49.0,30.0,52.0,10.0,16.0,19.0,37.0,30.0,146.0,42365,14.0,304,20.0,18.0,73.0,8.0
94,Vince,Carter,G,37.0,16.0,17.0,9.0,19.0,3.0,11.0,9.0,13.0,10.0,52.0,15343,2.0,114,-21.0,9.0,22.0,0.0
95,Michael,Carter-Williams,F,36.0,14.0,22.0,0.0,18.0,4.0,2.0,6.0,12.0,12.0,46.0,4556,0.0,12,14.0,2.0,6.0,2.0
95,Michael,Carter-Williams,G,300.0,152.0,114.0,14.0,168.0,16.0,64.0,86.0,98.0,98.0,308.0,78832,36.0,216,-140.0,66.0,64.0,14.0
96,Omri,Casspi,F,60.0,21.0,21.0,3.0,33.0,12.0,15.0,6.0,12.0,9.0,48.0,10566,0.0,180,-123.0,3.0,18.0,0.0
97,Willie,Cauley-Stein,C,140.0,104.0,75.0,0.0,129.0,25.0,18.0,31.0,26.0,25.0,169.0,34539,16.0,390,-44.0,19.0,0.0,14.0
97,Willie,Cauley-Stein,F,84.0,51.0,40.0,0.0,60.0,9.0,17.0,53.0,20.0,28.0,118.0,21633,12.0,270,-56.0,38.0,0.0,4.0
101,Tyson,Chandler,C,235.0,395.0,156.0,0.0,551.0,156.0,67.0,136.0,125.0,31.0,411.0,94753,34.0,1344,-56.0,99.0,0.0,25.0
102,Wilson,Chandler,F,479.0,180.0,226.0,60.0,225.0,45.0,64.0,113.0,87.0,85.0,596.0,79450,28.0,324,-6.0,84.0,186.0,18.0
104,Marquese,Chriss,C,32.0,19.0,15.0,6.0,21.0,2.0,4.0,2.0,12.0,2.0,37.0,8903,3.0,123,-27.0,1.0,12.0,8.0
104,Marquese,Chriss,F,604.0,227.0,269.0,69.0,323.0,96.0,98.0,169.0,244.0,55.0,714.0,161119,63.0,2072,-352.0,107.0,214.0,64.0
106,Semaj,Christon,G,5.0,1.0,1.0,0.0,2.0,1.0,0.0,0.0,2.0,6.0,2.0,2745,1.0,25,-9.0,0.0,1.0,0.0
109,Jordan,Clarkson,G,311.0,57.0,124.0,45.0,65.0,8.0,47.0,43.0,38.0,70.0,326.0,50840,10.0,357,-251.0,33.0,132.0,1.0
111,Darren,Collison,G,685.0,124.0,329.0,74.0,145.0,21.0,108.0,175.0,113.0,302.0,883.0,143543,63.0,1980,-140.0,151.0,173.0,10.0
114,Mike,Conley,G,1144.0,230.0,531.0,196.0,262.0,32.0,168.0,427.0,147.0,496.0,1621.0,172180,111.0,1501,221.0,363.0,469.0,22.0
115,Pat,Connaughton,G,10.0,4.0,6.0,3.0,4.0,0.0,1.0,0.0,1.0,3.0,15.0,2741,1.0,29,8.0,0.0,4.0,0.0
117,DeMarcus,Cousins,C,1128.0,568.0,534.0,130.0,688.0,120.0,232.0,456.0,246.0,254.0,1538.0,133934,90.0,1562,40.0,340.0,320.0,68.0
117,DeMarcus,Cousins,F,1842.0,768.0,830.0,138.0,958.0,190.0,344.0,930.0,344.0,444.0,2526.0,182130,122.0,2820,-16.0,728.0,422.0,124.0
118,Robert,Covington,F,773.0,365.0,300.0,140.0,459.0,94.0,135.0,183.0,206.0,109.0,891.0,148845,135.0,1971,-180.0,151.0,439.0,71.0
118,Robert,Covington,G,11.0,3.0,7.0,6.0,5.0,2.0,3.0,0.0,4.0,2.0,20.0,1783,2.0,27,-25.0,0.0,9.0,0.0
119,Allen,Crabbe,F,23.0,5.0,7.0,3.0,5.0,0.0,2.0,4.0,5.0,4.0,21.0,5280,2.0,87,-24.0,4.0,11.0,0.0
119,Allen,Crabbe,G,49.0,19.0,20.0,7.0,19.0,0.0,5.0,14.0,10.0,9.0,59.0,10137,5.0,145,11.0,12.0,18.0,2.0
120,Jamal,Crawford,G,23.0,4.0,11.0,2.0,4.0,0.0,3.0,0.0,3.0,6.0,24.0,1998,2.0,16,-6.0,0.0,5.0,0.0
121,Jae,Crowder,F,959.0,480.0,437.0,197.0,550.0,70.0,97.0,275.0,220.0,217.0,1294.0,217546,100.0,192,393.0,223.0,503.0,30.0
122,Dante,Cunningham,F,225.0,135.0,98.0,44.0,168.0,33.0,17.0,14.0,60.0,24.0,250.0,75823,25.0,828,67.0,10.0,114.0,19.0
123,Seth,Curry,F,5.0,4.0,4.0,3.0,4.0,0.0,1.0,1.0,1.0,1.0,12.0,2118,3.0,8,12.0,1.0,4.0,1.0
123,Seth,Curry,G,474.0,102.0,227.0,91.0,116.0,14.0,64.0,72.0,78.0,115.0,607.0,93759,47.0,328,-69.0,62.0,213.0,4.0
124,Stephen,Curry,G,1859.0,403.0,878.0,425.0,491.0,88.0,309.0,506.0,235.0,671.0,2635.0,229217,191.0,1168,1381.0,454.0,1027.0,24.0
125,Troy,Daniels,F,7.0,4.0,2.0,2.0,4.0,0.0,0.0,0.0,0.0,1.0,6.0,1741,1.0,19,-6.0,0.0,5.0,0.0
125,Troy,Daniels,G,8.0,2.0,1.0,1.0,3.0,1.0,3.0,0.0,4.0,0.0,3.0,5131,0.0,57,-23.0,0.0,5.0,0.0
126,Anthony,Davis,C,571.0,296.0,295.0,8.0,362.0,66.0,81.0,222.0,73.0,65.0,775.0,65828,37.0,702,-10.0,177.0,40.0,63.0
126,Anthony,Davis,F,1063.0,442.0,528.0,34.0,559.0,117.0,109.0,459.0,104.0,101.0,1459.0,103075,62.0,1173,72.0,369.0,106.0,106.0
128,Ed,Davis,F,52.0,48.0,28.0,0.0,82.0,34.0,12.0,13.0,36.0,11.0,65.0,22022,5.0,348,-55.0,9.0,0.0,11.0
131,Dewayne,Dedmon,C,142.0,222.0,89.0,0.0,298.0,76.0,47.0,54.0,101.0,26.0,215.0,101055,17.0,1271,68.0,37.0,0.0,36.0
132,Sam,Dekker,F,19.0,7.0,12.0,6.0,7.0,0.0,1.0,0.0,4.0,0.0,30.0,4868,2.0,28,-1.0,0.0,11.0,0.0
133,Malcolm,Delaney,G,20.0,3.0,7.0,0.0,6.0,3.0,4.0,7.0,6.0,14.0,20.0,6256,3.0,3,-25.0,6.0,3.0,0.0
134,Matthew,Dellavedova,G,425.0,103.0,167.0,65.0,121.0,18.0,107.0,72.0,120.0,297.0,458.0,116992,43.0,1218,-80.0,59.0,176.0,0.0
135,Luol,Deng,F,419.0,222.0,166.0,51.0,288.0,66.0,41.0,59.0,55.0,71.0,424.0,98029,45.0,901,-187.0,41.0,158.0,18.0
141,Gorgui,Dieng,C,9.0,4.0,3.0,1.0,5.0,1.0,0.0,0.0,3.0,2.0,7.0,2371,2.0,22,5.0,0.0,2.0,0.0
141,Gorgui,Dieng,F,687.0,482.0,349.0,15.0,680.0,198.0,116.0,193.0,264.0,161.0,868.0,183201,90.0,1914,94.0,155.0,42.0,107.0
142,Spencer,Dinwiddie,G,218.0,114.0,94.0,30.0,134.0,20.0,42.0,100.0,94.0,132.0,304.0,84824,16.0,156,-226.0,86.0,74.0,10.0
146,Goran,Dragic,G,1182.0,233.0,566.0,122.0,298.0,65.0,226.0,391.0,213.0,462.0,1564.0,167522,94.0,1580,127.0,310.0,303.0,17.0
147,Andre,Drummond,C,972.0,821.0,516.0,2.0,1188.0,367.0,159.0,372.0,254.0,97.0,1177.0,180743,128.0,860,-228.0,143.0,7.0,93.0
148,Jared,Dudley,F,59.0,30.0,29.0,16.0,36.0,6.0,15.0,22.0,36.0,24.0,85.0,18436,17.0,336,25.0,11.0,35.0,4.0
151,Mike,Dunleavy,F,12.0,10.0,6.0,4.0,12.0,2.0,0.0,10.0,2.0,0.0,22.0,3814,2.0,14,2.0,6.0,8.0,0.0
151,Mike,Dunleavy,G,12.0,6.0,2.0,0.0,6.0,0.0,0.0,0.0,6.0,0.0,4.0,3338,0.0,14,-4.0,0.0,6.0,2.0
152,Kris,Dunn,G,55.0,25.0,17.0,4.0,30.0,5.0,15.0,16.0,26.0,54.0,48.0,14502,14.0,176,-14.0,10.0,9.0,5.0
153,Kevin,Durant,F,1402.0,617.0,759.0,176.0,678.0,61.0,189.0,517.0,165.0,400.0,2150.0,179774,86.0,959,964.0,456.0,440.0,129.0
156,Henry,Ellenson,F,25.0,13.0,10.0,4.0,15.0,2.0,3.0,2.0,1.0,0.0,26.0,6947,0.0,30,15.0,2.0,15.0,1.0
157,Wayne,Ellington,F,65.0,11.0,24.0,16.0,12.0,1.0,3.0,4.0,6.0,13.0,67.0,8550,2.0,100,16.0,3.0,43.0,1.0
157,Wayne,Ellington,G,118.0,26.0,48.0,27.0,31.0,5.0,9.0,10.0,21.0,20.0,133.0,23569,5.0,240,6.0,10.0,80.0,1.0
158,Monta,Ellis,G,323.0,110.0,137.0,27.0,118.0,8.0,85.0,69.0,89.0,140.0,356.0,80451,48.0,615,42.0,55.0,93.0,21.0
159,Joel,Embiid,C,406.0,180.0,186.0,31.0,244.0,64.0,112.0,231.0,110.0,55.0,587.0,56869,22.0,864,81.0,184.0,86.0,70.0
159,Joel,Embiid,F,81.0,32.0,40.0,6.0,41.0,9.0,23.0,46.0,22.0,11.0,120.0,11689,6.0,162,-35.0,34.0,19.0,12.0
160,James,Ennis III,F,184.0,93.0,91.0,33.0,131.0,38.0,35.0,52.0,86.0,32.0,255.0,58783,25.0,532,2.0,40.0,74.0,7.0
160,James,Ennis III,G,44.0,26.0,16.0,6.0,35.0,9.0,9.0,17.0,28.0,15.0,51.0,14814,5.0,152,23.0,13.0,22.0,1.0
161,Tyler,Ennis,G,66.0,4.0,30.0,10.0,8.0,4.0,12.0,8.0,8.0,24.0,78.0,13978,6.0,96,-28.0,8.0,22.0,2.0
163,Tyreke,Evans,F,130.0,34.0,50.0,16.0,40.0,6.0,14.0,30.0,20.0,36.0,142.0,31032,12.0,360,-110.0,26.0,48.0,4.0
167,Kenneth,Faried,F,258.0,165.0,141.0,0.0,272.0,107.0,34.0,117.0,75.0,38.0,361.0,74713,29.0,324,-34.0,79.0,2.0,26.0
170,Kay,Felder,G,30.0,6.0,13.0,3.0,6.0,0.0,5.0,0.0,3.0,13.0,29.0,2956,1.0,14,6.0,0.0,6.0,0.0
171,Cristiano,Felicio,C,7.0,7.0,2.0,0.0,8.0,1.0,0.0,1.0,4.0,0.0,5.0,1498,0.0,6,-3.0,1.0,0.0,0.0
172,Raymond,Felton,F,25.0,10.0,10.0,3.0,12.0,2.0,3.0,2.0,7.0,6.0,25.0,4357,2.0,32,22.0,2.0,9.0,0.0
172,Raymond,Felton,G,103.0,39.0,42.0,7.0,48.0,9.0,21.0,25.0,27.0,46.0,112.0,20278,14.0,160,-7.0,21.0,22.0,6.0
175,Dorian,Finney-Smith,C,4.0,2.0,0.0,0.0,3.0,1.0,1.0,0.0,1.0,1.0,0.0,2676,0.0,8,-5.0,0.0,4.0,0.0
175,Dorian,Finney-Smith,F,173.0,98.0,68.0,31.0,131.0,33.0,27.0,29.0,66.0,35.0,189.0,65050,24.0,264,-97.0,22.0,100.0,11.0
175,Dorian,Finney-Smith,G,9.0,5.0,3.0,1.0,5.0,0.0,1.0,0.0,2.0,5.0,7.0,2755,1.0,8,2.0,0.0,5.0,0.0
177,Evan,Fournier,G,982.0,173.0,437.0,140.0,220.0,47.0,146.0,299.0,186.0,209.0,1252.0,149103,72.0,1872,-190.0,238.0,380.0,5.0
178,Randy,Foye,G,205.0,94.0,73.0,38.0,102.0,8.0,50.0,48.0,66.0,85.0,225.0,104183,24.0,176,-147.0,41.0,124.0,4.0
179,Tim,Frazier,G,300.0,109.0,122.0,28.0,130.0,21.0,84.0,96.0,99.0,274.0,348.0,78347,39.0,920,-78.0,76.0,89.0,4.0
180,Channing,Frye,C,39.0,24.0,22.0,10.0,29.0,5.0,3.0,10.0,10.0,1.0,64.0,13628,4.0,35,22.0,10.0,24.0,4.0
180,Channing,Frye,F,97.0,43.0,39.0,21.0,48.0,5.0,4.0,9.0,20.0,8.0,107.0,23179,4.0,70,17.0,8.0,65.0,7.0
181,Danilo,Gallinari,F,784.0,302.0,355.0,136.0,343.0,41.0,91.0,428.0,99.0,146.0,1231.0,139730,42.0,612,192.0,385.0,339.0,16.0
182,Langston,Galloway,G,54.0,24.0,26.0,12.0,28.0,4.0,14.0,18.0,6.0,22.0,80.0,13770,2.0,166,0.0,16.0,20.0,0.0
184,Marc,Gasol,C,1301.0,456.0,593.0,117.0,528.0,72.0,187.0,379.0,204.0,379.0,1625.0,181331,75.0,1634,42.0,322.0,295.0,107.0
185,Pau,Gasol,C,456.0,306.0,225.0,21.0,387.0,81.0,62.0,125.0,91.0,139.0,555.0,98732,24.0,1581,154.0,84.0,51.0,59.0
186,Rudy,Gay,F,486.0,178.0,217.0,45.0,215.0,37.0,85.0,150.0,86.0,102.0,609.0,61381,53.0,1050,71.0,130.0,123.0,31.0
189,Paul,George,F,1482.0,481.0,673.0,221.0,546.0,65.0,238.0,416.0,233.0,287.0,1939.0,180663,135.0,1245,153.0,372.0,560.0,30.0
190,Taj,Gibson,F,1480.0,686.0,780.0,4.0,1018.0,332.0,218.0,316.0,336.0,146.0,1792.0,338176,82.0,1758,108.0,228.0,24.0,126.0
191,Manu,Ginobili,F,12.0,0.0,6.0,1.0,1.0,1.0,1.0,2.0,4.0,7.0,15.0,2834,3.0,31,-21.0,2.0,4.0,0.0
195,Aaron,Gordon,F,827.0,280.0,375.0,73.0,392.0,112.0,84.0,210.0,160.0,146.0,978.0,160230,64.0,1950,-180.0,155.0,252.0,38.0
195,Aaron,Gordon,G,12.0,2.0,5.0,1.0,6.0,4.0,1.0,3.0,3.0,2.0,13.0,2205,0.0,26,-3.0,2.0,3.0,0.0
196,Eric,Gordon,F,79.0,16.0,30.0,17.0,17.0,1.0,14.0,19.0,17.0,9.0,93.0,18717,5.0,98,-14.0,16.0,50.0,2.0
196,Eric,Gordon,G,179.0,33.0,72.0,34.0,37.0,4.0,19.0,42.0,35.0,27.0,212.0,22656,8.0,182,22.0,34.0,96.0,8.0
199,Treveon,Graham,F,2.0,3.0,1.0,0.0,3.0,0.0,0.0,0.0,5.0,2.0,2.0,1652,0.0,5,1.0,0.0,0.0,0.0
200,Jerami,Grant,C,24.0,14.0,10.0,6.0,18.0,4.0,4.0,8.0,8.0,4.0,32.0,8622,2.0,100,-102.0,6.0,10.0,10.0
200,Jerami,Grant,F,14.0,8.0,6.0,0.0,8.0,0.0,2.0,10.0,6.0,4.0,18.0,2944,0.0,54,-58.0,6.0,0.0,2.0
200,Jerami,Grant,G,28.0,6.0,10.0,2.0,6.0,0.0,2.0,16.0,12.0,2.0,36.0,7622,2.0,100,-52.0,14.0,4.0,0.0
201,Jerian,Grant,F,5.0,3.0,4.0,2.0,5.0,2.0,1.0,5.0,0.0,3.0,13.0,2307,0.0,6,18.0,3.0,3.0,0.0
201,Jerian,Grant,G,180.0,58.0,78.0,33.0,64.0,6.0,32.0,43.0,49.0,78.0,229.0,69310,24.0,180,-7.0,40.0,83.0,5.0
203,Danny,Green,F,8.0,6.0,4.0,1.0,6.0,0.0,0.0,2.0,1.0,2.0,10.0,2825,2.0,31,11.0,1.0,4.0,2.0
203,Danny,Green,G,569.0,241.0,223.0,145.0,286.0,45.0,96.0,44.0,156.0,149.0,625.0,195671,81.0,2697,195.0,34.0,393.0,71.0
204,Draymond,Green,C,10.0,8.0,5.0,2.0,8.0,0.0,2.0,6.0,3.0,8.0,16.0,2834,2.0,11,20.0,4.0,5.0,0.0
204,Draymond,Green,F,832.0,662.0,348.0,115.0,782.0,120.0,234.0,291.0,292.0,660.0,1017.0,215999,192.0,1078,1105.0,206.0,354.0,135.0
205,Gerald,Green,F,61.0,14.0,27.0,12.0,16.0,2.0,5.0,5.0,12.0,3.0,71.0,21084,1.0,16,-4.0,5.0,29.0,1.0
206,JaMychal,Green,C,18.0,5.0,3.0,1.0,10.0,5.0,4.0,2.0,4.0,3.0,8.0,3477,3.0,38,-39.0,1.0,4.0,1.0
206,JaMychal,Green,F,522.0,388.0,267.0,59.0,561.0,173.0,92.0,175.0,266.0,87.0,734.0,168476,48.0,1539,52.0,141.0,155.0,36.0
207,Jeff,Green,F,114.0,36.0,36.0,6.0,43.0,7.0,14.0,33.0,24.0,18.0,106.0,23266,7.0,338,-94.0,28.0,39.0,4.0
208,Blake,Griffin,F,1078.0,422.0,535.0,45.0,543.0,121.0,158.0,451.0,172.0,320.0,1458.0,147559,65.0,1104,439.0,343.0,128.0,24.0
212,Justin,Hamilton,C,50.0,20.0,23.0,6.0,26.0,6.0,4.0,0.0,12.0,8.0,52.0,11826,5.0,24,-103.0,0.0,20.0,6.0
212,Justin,Hamilton,F,18.0,11.0,9.0,2.0,13.0,2.0,2.0,2.0,5.0,0.0,22.0,5648,0.0,12,-9.0,2.0,7.0,1.0
215,Tim,Hardaway Jr.,F,156.0,41.0,68.0,25.0,44.0,3.0,17.0,48.0,14.0,33.0,201.0,25537,7.0,11,-7.0,40.0,72.0,2.0
215,Tim,Hardaway Jr.,G,357.0,67.0,145.0,48.0,83.0,16.0,44.0,88.0,51.0,72.0,406.0,64212,17.0,26,-49.0,68.0,155.0,3.0
216,James,Harden,G,1831.0,658.0,801.0,309.0,763.0,105.0,563.0,1046.0,272.0,1076.0,2802.0,214264,150.0,1407,493.0,891.0,916.0,45.0
217,Maurice,Harkless,F,632.0,225.0,313.0,75.0,344.0,119.0,85.0,121.0,232.0,90.0,781.0,164236,87.0,2262,-26.0,80.0,212.0,73.0
218,Montrezl,Harrell,C,109.0,47.0,70.0,0.0,72.0,25.0,17.0,40.0,34.0,26.0,168.0,29317,8.0,196,71.0,28.0,1.0,20.0
220,Gary,Harris,G,635.0,128.0,321.0,107.0,175.0,47.0,77.0,134.0,94.0,163.0,854.0,130248,71.0,513,85.0,105.0,254.0,8.0
221,Joe,Harris,F,9.0,3.0,3.0,2.0,3.0,0.0,2.0,0.0,2.0,1.0,8.0,4396,2.0,8,-25.0,0.0,6.0,2.0
221,Joe,Harris,G,64.0,21.0,27.0,13.0,27.0,6.0,5.0,4.0,15.0,12.0,70.0,20494,4.0,40,-87.0,3.0,38.0,2.0
222,Tobias,Harris,F,708.0,221.0,332.0,64.0,262.0,41.0,74.0,144.0,96.0,99.0,853.0,103711,38.0,540,-76.0,125.0,200.0,29.0
224,Andrew,Harrison,G,161.0,42.0,49.0,17.0,52.0,10.0,38.0,75.0,55.0,71.0,169.0,38490,18.0,380,-38.0,54.0,67.0,10.0
226,Spencer,Hawes,C,12.0,4.0,4.0,0.0,8.0,4.0,2.0,0.0,2.0,6.0,8.0,4540,0.0,10,-52.0,0.0,2.0,4.0
228,Gerald,Henderson,F,7.0,1.0,0.0,0.0,1.0,0.0,1.0,0.0,1.0,2.0,0.0,1783,0.0,27,-6.0,0.0,2.0,0.0
228,Gerald,Henderson,G,352.0,99.0,153.0,37.0,115.0,16.0,46.0,101.0,85.0,61.0,428.0,88134,26.0,1269,-201.0,85.0,101.0,9.0
229,John,Henson,C,230.0,155.0,121.0,0.0,208.0,53.0,37.0,88.0,100.0,43.0,306.0,76769,23.0,819,-33.0,64.0,1.0,56.0
229,John,Henson,F,6.0,2.0,4.0,0.0,3.0,1.0,0.0,0.0,1.0,1.0,8.0,2751,0.0,21,-7.0,0.0,0.0,0.0
230,Juancho,Hernangomez,F,85.0,44.0,36.0,15.0,55.0,11.0,9.0,24.0,22.0,11.0,102.0,21583,11.0,81,-45.0,15.0,43.0,4.0
231,Willy,Hernangomez,C,187.0,121.0,94.0,1.0,185.0,64.0,36.0,51.0,61.0,39.0,229.0,52936,18.0,504,-44.0,40.0,4.0,13.0
231,Willy,Hernangomez,F,24.0,15.0,12.0,0.0,23.0,8.0,5.0,5.0,7.0,7.0,29.0,4759,1.0,48,-35.0,5.0,0.0,0.0
232,Mario,Hezonja,F,20.0,11.0,5.0,3.0,13.0,2.0,9.0,0.0,3.0,5.0,13.0,6100,3.0,78,-4.0,0.0,13.0,1.0
232,Mario,Hezonja,G,5.0,3.0,2.0,0.0,4.0,1.0,3.0,2.0,3.0,1.0,6.0,1488,0.0,26,-18.0,2.0,1.0,0.0
233,Roy,Hibbert,C,213.0,162.0,108.0,0.0,273.0,111.0,57.0,135.0,153.0,36.0,336.0,107487,9.0,300,-66.0,120.0,0.0,84.0
236,Buddy,Hield,F,44.0,6.0,22.0,6.0,12.0,6.0,2.0,6.0,4.0,6.0,56.0,4758,6.0,84,40.0,6.0,24.0,2.0
236,Buddy,Hield,G,1132.0,358.0,484.0,224.0,414.0,56.0,130.0,110.0,180.0,200.0,1282.0,252566,52.0,2828,-288.0,90.0,552.0,12.0
239,Solomon,Hill,C,10.0,7.0,2.0,1.0,7.0,0.0,2.0,2.0,3.0,2.0,7.0,4722,2.0,46,20.0,2.0,6.0,1.0
239,Solomon,Hill,F,465.0,243.0,180.0,94.0,294.0,51.0,74.0,138.0,175.0,137.0,564.0,160011,70.0,1725,-72.0,110.0,262.0,27.0
240,Darrun,Hilliard,G,7.0,1.0,2.0,0.0,1.0,0.0,3.0,1.0,0.0,0.0,5.0,1884,0.0,10,-11.0,1.0,2.0,0.0
242,Jrue,Holiday,G,813.0,202.0,366.0,91.0,247.0,45.0,176.0,150.0,115.0,449.0,931.0,139921,95.0,1403,16.0,108.0,259.0,40.0
243,Justin,Holiday,F,26.0,5.0,9.0,4.0,7.0,2.0,1.0,0.0,1.0,7.0,22.0,5441,4.0,48,-9.0,0.0,13.0,1.0
243,Justin,Holiday,G,16.0,11.0,5.0,3.0,14.0,3.0,3.0,5.0,6.0,2.0,18.0,3643,6.0,48,14.0,5.0,10.0,1.0
245,Rondae,Hollis-Jefferson,F,407.0,257.0,173.0,15.0,334.0,77.0,82.0,181.0,130.0,120.0,499.0,121539,57.0,224,-237.0,138.0,54.0,30.0
246,Richaun,Holmes,C,182.0,87.0,99.0,13.0,123.0,36.0,24.0,34.0,51.0,26.0,238.0,42923,16.0,459,-128.0,27.0,42.0,15.0
248,Al,Horford,C,1005.0,473.0,500.0,116.0,601.0,128.0,150.0,168.0,174.0,432.0,1249.0,203000,66.0,178,225.0,133.0,298.0,104.0
248,Al,Horford,F,19.0,10.0,11.0,2.0,12.0,2.0,6.0,1.0,3.0,8.0,25.0,4991,3.0,4,-17.0,1.0,3.0,0.0
250,Dwight,Howard,C,703.0,724.0,435.0,0.0,1054.0,330.0,189.0,476.0,246.0,120.0,1123.0,182582,75.0,85,-89.0,253.0,2.0,106.0
251,Marcelo,Huertas,G,7.0,3.0,3.0,0.0,3.0,0.0,6.0,4.0,3.0,7.0,10.0,1854,5.0,17,-20.0,4.0,4.0,0.0
253,Kris,Humphries,C,23.0,18.0,9.0,2.0,23.0,5.0,3.0,4.0,10.0,6.0,23.0,7202,1.0,3,-12.0,3.0,4.0,3.0
253,Kris,Humphries,F,13.0,8.0,3.0,0.0,14.0,6.0,3.0,4.0,4.0,2.0,7.0,4240,0.0,2,-6.0,1.0,5.0,2.0
255,Serge,Ibaka,C,64.0,32.0,29.0,3.0,37.0,5.0,6.0,10.0,21.0,5.0,71.0,12968,4.0,178,-13.0,10.0,17.0,11.0
255,Serge,Ibaka,F,1112.0,464.0,537.0,138.0,610.0,146.0,117.0,137.0,249.0,89.0,1329.0,189934,43.0,2662,-194.0,117.0,349.0,135.0
257,Ersan,Ilyasova,C,30.0,9.0,18.0,3.0,9.0,0.0,9.0,6.0,6.0,6.0,45.0,8274,3.0,3,-6.0,6.0,9.0,0.0
257,Ersan,Ilyasova,F,1875.0,735.0,798.0,291.0,978.0,243.0,228.0,423.0,408.0,306.0,2205.0,333486,108.0,3273,-36.0,318.0,852.0,45.0
260,Brandon,Ingram,F,357.0,107.0,158.0,29.0,140.0,33.0,62.0,92.0,72.0,78.0,396.0,79580,33.0,561,-222.0,51.0,93.0,13.0
260,Brandon,Ingram,G,66.0,28.0,21.0,4.0,34.0,6.0,13.0,21.0,16.0,20.0,62.0,13265,3.0,119,-76.0,16.0,20.0,5.0
261,Kyrie,Irving,G,1833.0,223.0,864.0,229.0,292.0,69.0,234.0,414.0,200.0,540.0,2332.0,212279,112.0,685,445.0,375.0,572.0,33.0
264,Reggie,Jackson,G,653.0,89.0,276.0,65.0,109.0,20.0,111.0,136.0,128.0,263.0,735.0,110362,35.0,500,-188.0,118.0,178.0,4.0
265,LeBron,James,F,1770.0,700.0,980.0,172.0,816.0,116.0,383.0,702.0,181.0,798.0,2608.0,216474,133.0,699,679.0,476.0,459.0,68.0
266,Al,Jefferson,C,4.0,6.0,2.0,0.0,6.0,0.0,0.0,0.0,5.0,2.0,4.0,1731,0.0,15,-17.0,0.0,0.0,0.0
267,Richard,Jefferson,F,71.0,33.0,35.0,19.0,38.0,5.0,10.0,18.0,33.0,17.0,106.0,28660,6.0,91,53.0,17.0,42.0,5.0
267,Richard,Jefferson,G,5.0,0.0,2.0,1.0,0.0,0.0,1.0,0.0,5.0,1.0,5.0,1682,0.0,7,10.0,0.0,2.0,0.0
269,Brandon,Jennings,G,188.0,56.0,68.0,28.0,65.0,9.0,34.0,59.0,28.0,105.0,209.0,34499,28.0,442,-94.0,45.0,84.0,2.0
270,Jonas,Jerebko,C,4.0,2.0,0.0,0.0,5.0,3.0,0.0,2.0,3.0,1.0,1.0,2461,0.0,2,-6.0,1.0,3.0,0.0
270,Jonas,Jerebko,F,25.0,24.0,10.0,5.0,34.0,10.0,9.0,3.0,15.0,8.0,27.0,12268,2.0,12,22.0,2.0,14.0,4.0
271,Amir,Johnson,C,29.0,23.0,17.0,1.0,30.0,7.0,3.0,7.0,12.0,9.0,38.0,13437,3.0,12,34.0,3.0,2.0,4.0
271,Amir,Johnson,F,368.0,244.0,209.0,28.0,373.0,129.0,80.0,103.0,221.0,137.0,517.0,185648,55.0,172,177.0,71.0,70.0,62.0
274,James,Johnson,F,76.0,30.0,37.0,9.0,37.0,7.0,15.0,17.0,18.0,30.0,95.0,15083,6.0,120,21.0,12.0,28.0,5.0
276,Stanley,Johnson,F,5.0,1.0,0.0,0.0,1.0,0.0,0.0,0.0,2.0,0.0,0.0,2749,0.0,10,-8.0,0.0,3.0,0.0
277,Tyler,Johnson,G,12.0,3.0,5.0,0.0,4.0,1.0,0.0,2.0,1.0,2.0,12.0,2899,2.0,40,1.0,2.0,1.0,0.0
278,Wesley,Johnson,F,19.0,10.0,6.0,3.0,15.0,5.0,1.0,7.0,10.0,5.0,19.0,6031,3.0,48,-6.0,4.0,11.0,2.0
279,Nikola,Jokic,C,694.0,410.0,409.0,39.0,575.0,165.0,148.0,177.0,154.0,305.0,1003.0,123644,49.0,510,276.0,146.0,116.0,39.0
279,Nikola,Jokic,F,120.0,71.0,59.0,5.0,96.0,25.0,22.0,26.0,45.0,30.0,141.0,21698,18.0,126,8.0,18.0,25.0,5.0
280,Dahntay,Jones,F,8.0,2.0,2.0,1.0,4.0,2.0,1.0,0.0,0.0,0.0,5.0,1467,1.0,7,-4.0,0.0,1.0,0.0
282,James,Jones,F,19.0,8.0,9.0,6.0,8.0,0.0,4.0,4.0,10.0,7.0,28.0,6084,1.0,21,-16.0,4.0,15.0,1.0
283,Derrick,Jones Jr.,F,20.0,16.0,10.0,0.0,26.0,10.0,5.0,10.0,22.0,3.0,27.0,12921,3.0,140,-22.0,7.0,3.0,1.0
283,Derrick,Jones Jr.,G,29.0,4.0,10.0,2.0,12.0,8.0,1.0,10.0,5.0,4.0,26.0,7954,2.0,84,-25.0,4.0,5.0,1.0
284,Terrence,Jones,C,48.0,24.0,30.0,6.0,36.0,12.0,2.0,32.0,6.0,2.0,92.0,7690,4.0,92,8.0,26.0,10.0,8.0
284,Terrence,Jones,F,252.0,116.0,132.0,14.0,138.0,22.0,24.0,84.0,40.0,26.0,320.0,41606,14.0,460,-140.0,42.0,36.0,20.0
286,DeAndre,Jordan,C,655.0,918.0,467.0,0.0,1251.0,333.0,140.0,502.0,257.0,108.0,1172.0,199609,54.0,1488,399.0,238.0,3.0,142.0
290,Frank,Kaminsky,C,160.0,61.0,68.0,27.0,69.0,8.0,12.0,26.0,35.0,28.0,182.0,23708,11.0,50,38.0,19.0,67.0,8.0
290,Frank,Kaminsky,F,94.0,43.0,34.0,6.0,49.0,6.0,3.0,14.0,14.0,18.0,84.0,15309,4.0,45,23.0,10.0,31.0,1.0
291,Enes,Freedom,C,21.0,13.0,14.0,0.0,21.0,8.0,4.0,10.0,5.0,2.0,35.0,2917,0.0,50,-9.0,7.0,0.0,2.0
295,Michael,Kidd-Gilchrist,F,688.0,446.0,317.0,1.0,612.0,166.0,61.0,210.0,196.0,117.0,798.0,184614,85.0,440,-54.0,163.0,12.0,80.0
296,Sean,Kilpatrick,G,290.0,101.0,126.0,45.0,111.0,10.0,65.0,102.0,58.0,72.0,381.0,46474,18.0,100,-141.0,84.0,121.0,0.0
297,Brandon,Knight,G,60.0,13.0,23.0,6.0,14.0,1.0,13.0,13.0,11.0,10.0,63.0,10645,3.0,168,-82.0,11.0,22.0,0.0
299,Kyle,Korver,F,56.0,16.0,24.0,18.0,16.0,0.0,8.0,0.0,14.0,22.0,66.0,12708,0.0,18,-58.0,0.0,38.0,8.0
299,Kyle,Korver,G,326.0,108.0,152.0,86.0,108.0,0.0,76.0,38.0,74.0,102.0,424.0,79018,44.0,48,-60.0,34.0,208.0,16.0
300,Kosta,Koufos,C,341.0,243.0,191.0,0.0,344.0,101.0,48.0,53.0,153.0,43.0,412.0,126630,32.0,1860,-153.0,30.0,0.0,37.0
300,Kosta,Koufos,F,27.0,13.0,13.0,0.0,21.0,8.0,6.0,5.0,10.0,3.0,30.0,10166,1.0,150,-17.0,4.0,0.0,3.0
301,Mindaugas,Kuzminskas,F,47.0,16.0,24.0,9.0,21.0,5.0,5.0,14.0,10.0,10.0,70.0,11683,2.0,120,-22.0,13.0,23.0,0.0
302,Skal,Labissiere,F,110.0,55.0,54.0,2.0,78.0,23.0,15.0,37.0,40.0,12.0,135.0,34801,11.0,420,-64.0,25.0,4.0,12.0
303,Jeremy,Lamb,G,73.0,37.0,33.0,6.0,43.0,6.0,7.0,16.0,14.0,14.0,85.0,12472,4.0,30,-49.0,13.0,20.0,1.0
305,Nicolas,Laprovittola,G,22.0,4.0,11.0,6.0,4.0,0.0,7.0,2.0,10.0,9.0,30.0,6900,3.0,124,-20.0,2.0,13.0,0.0
307,Joffrey,Lauvergne,C,34.0,18.0,14.0,2.0,24.0,6.0,6.0,12.0,12.0,10.0,36.0,8150,2.0,62,42.0,6.0,6.0,2.0
308,Zach,LaVine,G,794.0,160.0,366.0,129.0,186.0,26.0,97.0,144.0,112.0,148.0,982.0,98732,45.0,1166,-41.0,121.0,334.0,12.0
309,Ty,Lawson,G,207.0,68.0,93.0,18.0,87.0,19.0,47.0,79.0,48.0,154.0,267.0,52171,34.0,810,-67.0,63.0,49.0,1.0
310,Jake,Layman,G,10.0,2.0,4.0,2.0,4.0,2.0,4.0,0.0,2.0,3.0,10.0,2762,0.0,29,1.0,0.0,5.0,0.0
311,Courtney,Lee,F,36.0,8.0,17.0,4.0,9.0,1.0,4.0,13.0,9.0,11.0,51.0,7469,4.0,72,-10.0,13.0,13.0,0.0
311,Courtney,Lee,G,679.0,196.0,314.0,107.0,248.0,52.0,70.0,88.0,138.0,166.0,809.0,161010,81.0,1848,-232.0,74.0,256.0,23.0
312,David,Lee,C,49.0,46.0,32.0,0.0,69.0,23.0,6.0,19.0,19.0,11.0,78.0,19978,4.0,248,5.0,14.0,0.0,3.0
312,David,Lee,F,45.0,40.0,31.0,0.0,56.0,16.0,11.0,14.0,16.0,11.0,72.0,14540,3.0,217,47.0,10.0,0.0,4.0
313,Alex,Len,C,255.0,203.0,129.0,2.0,285.0,82.0,59.0,128.0,127.0,27.0,344.0,83310,25.0,1036,-206.0,84.0,9.0,52.0
314,Kawhi,Leonard,F,1565.0,446.0,767.0,180.0,551.0,105.0,190.0,660.0,152.0,328.0,2301.0,201381,162.0,2856,544.0,587.0,462.0,61.0
315,Meyers,Leonard,C,52.0,33.0,17.0,10.0,36.0,3.0,2.0,6.0,27.0,7.0,48.0,21112,3.0,232,-20.0,4.0,33.0,3.0
315,Meyers,Leonard,F,30.0,16.0,8.0,2.0,18.0,2.0,2.0,4.0,19.0,5.0,22.0,8832,1.0,145,-9.0,4.0,20.0,1.0
316,Jon,Leuer,F,322.0,128.0,143.0,22.0,176.0,48.0,34.0,51.0,74.0,51.0,350.0,82481,17.0,360,-111.0,42.0,78.0,9.0
317,Caris,LeVert,F,202.0,91.0,94.0,29.0,103.0,12.0,25.0,46.0,46.0,51.0,250.0,66826,20.0,104,-44.0,33.0,89.0,3.0
318,DeAndre,Liggins,F,16.0,8.0,6.0,0.0,10.0,2.0,2.0,14.0,6.0,2.0,24.0,2978,8.0,14,20.0,12.0,2.0,2.0
318,DeAndre,Liggins,G,172.0,76.0,70.0,28.0,86.0,10.0,36.0,36.0,84.0,58.0,192.0,80698,60.0,280,214.0,24.0,78.0,24.0
319,Damian,Lillard,G,1671.0,351.0,745.0,237.0,403.0,52.0,228.0,602.0,174.0,479.0,2269.0,181201,76.0,2494,9.0,542.0,646.0,23.0
320,Jeremy,Lin,G,411.0,126.0,185.0,64.0,137.0,11.0,99.0,161.0,83.0,198.0,566.0,84722,46.0,152,-75.0,132.0,164.0,13.0
321,Shaun,Livingston,G,23.0,3.0,11.0,0.0,5.0,2.0,4.0,0.0,7.0,11.0,22.0,7484,2.0,33,-6.0,0.0,0.0,0.0
322,Kevon,Looney,C,2.0,2.0,2.0,0.0,3.0,1.0,2.0,0.0,4.0,0.0,4.0,1886,1.0,11,3.0,0.0,0.0,0.0
322,Kevon,Looney,F,22.0,10.0,8.0,0.0,22.0,12.0,2.0,4.0,8.0,13.0,19.0,7749,4.0,44,26.0,3.0,1.0,1.0
323,Brook,Lopez,C,1210.0,294.0,570.0,138.0,417.0,123.0,192.0,374.0,196.0,179.0,1579.0,169376,43.0,320,-146.0,301.0,399.0,127.0
325,Robin,Lopez,C,870.0,302.0,439.0,0.0,590.0,288.0,105.0,118.0,174.0,89.0,967.0,198894,23.0,558,21.0,89.0,2.0,135.0
326,Kevin,Love,F,1118.0,688.0,478.0,202.0,873.0,185.0,159.0,383.0,178.0,151.0,1489.0,182432,74.0,574,478.0,331.0,518.0,37.0
329,Timothe,Luwawu-Cabarrot,F,16.0,7.0,10.0,3.0,7.0,0.0,3.0,2.0,9.0,5.0,25.0,4786,0.0,54,17.0,2.0,6.0,0.0
329,Timothe,Luwawu-Cabarrot,G,173.0,54.0,71.0,30.0,64.0,10.0,26.0,46.0,58.0,35.0,214.0,44775,18.0,459,2.0,42.0,94.0,3.0
335,Thon,Maker,C,171.0,63.0,72.0,21.0,102.0,39.0,21.0,43.0,78.0,33.0,194.0,97587,13.0,798,-22.0,29.0,66.0,31.0
335,Thon,Maker,F,10.0,6.0,4.0,2.0,9.0,3.0,1.0,6.0,11.0,2.0,15.0,5991,1.0,63,16.0,5.0,7.0,0.0
339,Jarell,Martin,F,14.0,8.0,5.0,1.0,11.0,3.0,4.0,7.0,10.0,0.0,16.0,5211,0.0,57,-31.0,5.0,4.0,0.0
341,Wesley,Matthews,F,309.0,113.0,125.0,56.0,123.0,10.0,39.0,84.0,77.0,85.0,379.0,65993,25.0,232,-43.0,73.0,163.0,3.0
341,Wesley,Matthews,G,577.0,139.0,224.0,124.0,149.0,10.0,71.0,100.0,94.0,130.0,649.0,96494,58.0,392,-212.0,77.0,333.0,13.0
343,Luc,Mbah a Moute,F,427.0,151.0,212.0,49.0,205.0,54.0,55.0,109.0,141.0,47.0,548.0,187782,90.0,1392,221.0,75.0,129.0,37.0
344,James Michael,McAdoo,F,14.0,5.0,6.0,0.0,9.0,4.0,1.0,4.0,4.0,1.0,16.0,5464,5.0,22,32.0,4.0,0.0,3.0
345,Patrick,McCaw,F,87.0,45.0,46.0,16.0,56.0,11.0,10.0,15.0,24.0,42.0,119.0,49053,16.0,209,54.0,11.0,39.0,7.0
345,Patrick,McCaw,G,37.0,5.0,13.0,3.0,6.0,1.0,1.0,4.0,8.0,3.0,33.0,9716,1.0,44,-63.0,4.0,16.0,0.0
347,CJ,McCollum,G,1630.0,259.0,764.0,207.0,333.0,74.0,200.0,318.0,227.0,316.0,2023.0,191338,84.0,2639,-12.0,288.0,489.0,46.0
348,T.J.,McConnell,G,424.0,176.0,202.0,10.0,203.0,27.0,127.0,74.0,101.0,420.0,478.0,129012,103.0,1512,-232.0,64.0,44.0,8.0
350,KJ,McDaniels,G,42.0,12.0,14.0,4.0,18.0,6.0,6.0,0.0,12.0,4.0,32.0,8996,0.0,84,-50.0,0.0,10.0,2.0
351,Doug,McDermott,F,108.0,20.0,42.0,14.0,22.0,2.0,8.0,10.0,24.0,8.0,106.0,21392,0.0,98,-114.0,8.0,46.0,0.0
351,Doug,McDermott,G,12.0,10.0,6.0,2.0,10.0,0.0,4.0,4.0,2.0,4.0,18.0,4456,0.0,12,0.0,4.0,4.0,0.0
353,JaVale,McGee,C,74.0,33.0,51.0,0.0,53.0,20.0,7.0,21.0,23.0,3.0,114.0,25210,2.0,121,103.0,12.0,0.0,10.0
354,Rodney,McGruder,F,339.0,121.0,139.0,51.0,184.0,63.0,38.0,46.0,100.0,93.0,356.0,128052,30.0,1100,-23.0,27.0,159.0,11.0
354,Rodney,McGruder,G,74.0,23.0,29.0,12.0,42.0,19.0,13.0,11.0,22.0,23.0,79.0,18473,8.0,200,12.0,9.0,35.0,5.0
355,Ben,McLemore,F,39.0,19.0,19.0,6.0,22.0,3.0,12.0,16.0,20.0,5.0,57.0,14083,4.0,180,14.0,13.0,13.0,0.0
355,Ben,McLemore,G,169.0,37.0,65.0,29.0,49.0,12.0,21.0,35.0,42.0,23.0,188.0,47703,16.0,690,-98.0,29.0,79.0,3.0
356,Jordan,McRae,G,73.0,14.0,26.0,5.0,17.0,3.0,12.0,30.0,12.0,13.0,82.0,11415,7.0,42,-5.0,25.0,20.0,4.0
357,Josh,McRoberts,F,86.0,29.0,36.0,13.0,46.0,17.0,20.0,7.0,21.0,37.0,90.0,26430,5.0,280,-56.0,5.0,26.0,2.0
358,Jodie,Meeks,G,89.0,28.0,43.0,22.0,29.0,1.0,15.0,16.0,16.0,19.0,123.0,21249,11.0,260,-1.0,15.0,51.0,1.0
359,Salah,Mejri,C,29.0,53.0,19.0,0.0,73.0,20.0,10.0,6.0,37.0,4.0,41.0,20718,14.0,88,5.0,3.0,0.0,17.0
360,Jordan,Mickey,F,1.0,1.0,1.0,0.0,2.0,1.0,2.0,3.0,0.0,1.0,4.0,2111,0.0,2,-5.0,2.0,0.0,1.0
361,Khris,Middleton,F,358.0,126.0,157.0,46.0,135.0,9.0,69.0,93.0,80.0,108.0,441.0,76037,45.0,609,112.0,81.0,114.0,6.0
362,CJ,Miles,F,12.0,3.0,3.0,2.0,3.0,0.0,1.0,0.0,5.0,0.0,8.0,3363,1.0,30,1.0,0.0,7.0,2.0
362,CJ,Miles,G,252.0,78.0,112.0,75.0,88.0,10.0,9.0,23.0,65.0,18.0,322.0,69694,13.0,435,39.0,23.0,181.0,10.0
365,Patty,Mills,G,149.0,23.0,61.0,34.0,34.0,11.0,17.0,20.0,26.0,72.0,173.0,35164,12.0,465,-31.0,17.0,93.0,1.0
366,Paul,Millsap,C,54.0,22.0,24.0,4.0,28.0,6.0,7.0,19.0,9.0,14.0,65.0,6042,6.0,3,17.0,13.0,15.0,4.0
366,Paul,Millsap,F,1019.0,454.0,455.0,74.0,567.0,113.0,178.0,436.0,199.0,274.0,1323.0,154131,94.0,73,143.0,339.0,243.0,62.0
367,Nikola,Mirotic,F,217.0,114.0,94.0,53.0,137.0,23.0,25.0,41.0,44.0,31.0,271.0,56295,16.0,132,53.0,30.0,137.0,15.0
369,Greg,Monroe,C,9.0,1.0,4.0,0.0,5.0,4.0,2.0,4.0,3.0,0.0,12.0,1461,4.0,21,9.0,4.0,0.0,0.0
371,E'Twaun,Moore,F,13.0,4.0,5.0,3.0,4.0,0.0,1.0,0.0,1.0,5.0,13.0,3863,2.0,46,-33.0,0.0,4.0,1.0
371,E'Twaun,Moore,G,248.0,45.0,117.0,29.0,53.0,8.0,29.0,25.0,46.0,65.0,282.0,42391,22.0,575,-75.0,19.0,73.0,6.0
373,Marcus,Morris Sr.,F,999.0,290.0,422.0,116.0,366.0,76.0,92.0,183.0,171.0,162.0,1104.0,167646,52.0,800,-92.0,144.0,355.0,24.0
373,Marcus,Morris Sr.,G,33.0,12.0,12.0,5.0,14.0,2.0,3.0,6.0,5.0,2.0,34.0,4268,0.0,20,-24.0,5.0,12.0,1.0
375,Anthony,Morrow,G,66.0,4.0,24.0,10.0,4.0,0.0,0.0,8.0,16.0,4.0,66.0,27614,12.0,350,-58.0,8.0,40.0,0.0
377,Timofey,Mozgov,C,354.0,177.0,180.0,0.0,286.0,109.0,83.0,86.0,142.0,48.0,430.0,109409,19.0,1003,-229.0,70.0,1.0,35.0
378,Emmanuel,Mudiay,G,503.0,131.0,185.0,50.0,154.0,23.0,117.0,141.0,85.0,188.0,529.0,81799,39.0,405,-101.0,109.0,168.0,11.0
379,Shabazz,Muhammad,G,13.0,3.0,7.0,0.0,6.0,3.0,3.0,4.0,1.0,0.0,17.0,2486,1.0,22,19.0,3.0,1.0,0.0
382,Dejounte,Murray,G,72.0,24.0,35.0,5.0,27.0,3.0,22.0,13.0,20.0,29.0,86.0,23030,4.0,310,18.0,11.0,14.0,2.0
383,Jamal,Murray,G,116.0,26.0,49.0,16.0,29.0,3.0,23.0,18.0,13.0,43.0,131.0,23436,10.0,90,30.0,17.0,52.0,3.0
384,Mike,Muscala,C,15.0,8.0,9.0,2.0,11.0,3.0,3.0,6.0,4.0,4.0,25.0,3192,0.0,2,22.0,5.0,4.0,1.0
384,Mike,Muscala,F,31.0,15.0,13.0,3.0,20.0,5.0,9.0,2.0,5.0,15.0,31.0,8004,4.0,5,-25.0,2.0,7.0,4.0
385,Larry,Nance Jr.,C,39.0,27.0,21.0,2.0,48.0,21.0,5.0,10.0,16.0,12.0,52.0,13498,10.0,85,-20.0,8.0,4.0,5.0
385,Larry,Nance Jr.,F,21.0,14.0,8.0,2.0,19.0,5.0,0.0,2.0,4.0,4.0,20.0,5508,4.0,34,7.0,2.0,5.0,1.0
386,Shabazz,Napier,G,38.0,8.0,19.0,7.0,10.0,2.0,8.0,14.0,5.0,7.0,57.0,5503,1.0,58,6.0,12.0,13.0,0.0
387,Maurice,Ndour,F,29.0,15.0,16.0,0.0,22.0,7.0,3.0,11.0,6.0,2.0,39.0,10885,3.0,96,-2.0,7.0,1.0,6.0
388,Jameer,Nelson,G,387.0,117.0,174.0,72.0,135.0,18.0,69.0,44.0,117.0,248.0,451.0,98356,31.0,396,61.0,31.0,179.0,5.0
389, ,Nene,C,70.0,32.0,49.0,0.0,48.0,16.0,13.0,37.0,28.0,12.0,118.0,21960,7.0,154,36.0,20.0,1.0,3.0
392,Andrew,Nicholson,F,9.0,12.0,4.0,3.0,12.0,0.0,0.0,2.0,3.0,0.0,11.0,1480,1.0,41,16.0,0.0,5.0,0.0
393,Joakim,Noah,C,217.0,254.0,107.0,0.0,421.0,167.0,64.0,84.0,136.0,111.0,251.0,93044,32.0,1176,-131.0,37.0,1.0,38.0
394,Nerlens,Noel,C,282.0,206.0,168.0,0.0,288.0,82.0,42.0,100.0,102.0,50.0,406.0,95896,62.0,570,-104.0,70.0,2.0,50.0
397,Dirk,Nowitzki,C,450.0,234.0,204.0,56.0,251.0,17.0,30.0,72.0,72.0,52.0,526.0,82296,21.0,288,99.0,62.0,138.0,26.0
397,Dirk,Nowitzki,F,264.0,112.0,106.0,24.0,119.0,7.0,25.0,50.0,46.0,31.0,281.0,47997,10.0,176,-152.0,45.0,73.0,12.0
398,Jusuf,Nurkic,C,1042.0,654.0,510.0,0.0,974.0,320.0,296.0,444.0,298.0,246.0,1294.0,226202,96.0,1808,-88.0,274.0,4.0,142.0
400,Kyle,O'Quinn,C,59.0,38.0,35.0,0.0,61.0,23.0,11.0,13.0,23.0,13.0,82.0,17453,6.0,216,-37.0,12.0,1.0,8.0
402,Jahlil,Okafor,C,338.0,113.0,177.0,0.0,173.0,60.0,65.0,128.0,85.0,45.0,443.0,71264,15.0,891,-221.0,89.0,0.0,28.0
403,Victor,Oladipo,G,1061.0,298.0,461.0,137.0,341.0,43.0,144.0,181.0,189.0,204.0,1198.0,166221,92.0,1950,154.0,139.0,395.0,28.0
404,Kelly,Olynyk,C,45.0,23.0,18.0,6.0,28.0,5.0,10.0,10.0,18.0,10.0,50.0,8388,2.0,10,13.0,8.0,21.0,1.0
404,Kelly,Olynyk,F,32.0,14.0,15.0,1.0,20.0,6.0,4.0,4.0,10.0,9.0,35.0,8392,2.0,6,-14.0,4.0,6.0,4.0
406,Chinanu,Onuaku,C,2.0,5.0,1.0,0.0,6.0,1.0,2.0,0.0,4.0,0.0,2.0,2742,1.0,14,-22.0,0.0,0.0,0.0
408,Zaza,Pachulia,C,385.0,339.0,207.0,0.0,505.0,166.0,112.0,159.0,217.0,159.0,536.0,202511,75.0,1012,550.0,122.0,3.0,42.0
410,Jabari,Parker,F,875.0,261.0,433.0,69.0,348.0,87.0,102.0,240.0,119.0,146.0,1112.0,105279,56.0,1176,-63.0,177.0,185.0,23.0
411,Tony,Parker,G,698.0,132.0,332.0,34.0,144.0,12.0,109.0,136.0,107.0,323.0,802.0,165155,42.0,2325,215.0,104.0,88.0,2.0
412,Chandler,Parsons,F,222.0,78.0,75.0,25.0,84.0,6.0,24.0,43.0,52.0,55.0,210.0,72382,20.0,646,-50.0,35.0,93.0,5.0
415,Chris,Paul,G,952.0,311.0,451.0,142.0,356.0,45.0,180.0,310.0,185.0,671.0,1321.0,156123,143.0,1168,602.0,277.0,353.0,9.0
418,Elfrid,Payton,G,715.0,250.0,329.0,29.0,328.0,78.0,157.0,173.0,141.0,417.0,810.0,134792,72.0,1638,-115.0,123.0,111.0,32.0
421,ALEX,PEREZ,G,10.0,2.0,5.0,2.0,2.0,0.0,6.0,2.0,3.0,4.0,14.0,1470,0.0,13,-29.0,2.0,3.0,0.0
423,Paul,Pierce,F,29.0,13.0,9.0,6.0,13.0,0.0,6.0,6.0,13.0,0.0,28.0,14014,2.0,112,12.0,4.0,18.0,1.0
425,Marshall,Plumlee,C,1.0,1.0,1.0,0.0,1.0,0.0,0.0,6.0,5.0,0.0,4.0,1457,0.0,24,10.0,2.0,0.0,1.0
425,Marshall,Plumlee,F,0.0,1.0,0.0,0.0,2.0,1.0,0.0,0.0,2.0,1.0,0.0,2708,1.0,24,-10.0,0.0,0.0,0.0
426,Mason,Plumlee,C,1010.0,712.0,532.0,0.0,996.0,284.0,222.0,514.0,360.0,498.0,1360.0,237802,120.0,3574,50.0,296.0,10.0,136.0
426,Mason,Plumlee,F,140.0,100.0,76.0,0.0,130.0,30.0,26.0,52.0,44.0,38.0,186.0,41382,12.0,144,36.0,34.0,2.0,20.0
427,Miles,Plumlee,C,112.0,62.0,54.0,0.0,94.0,32.0,32.0,40.0,76.0,22.0,134.0,54124,26.0,672,-114.0,26.0,0.0,16.0
431,Bobby,Portis,F,128.0,81.0,52.0,7.0,102.0,21.0,12.0,16.0,27.0,13.0,123.0,34887,7.0,90,-61.0,12.0,32.0,4.0
432,Kristaps,Porzingis,C,124.0,42.0,54.0,13.0,59.0,17.0,7.0,31.0,28.0,15.0,146.0,19759,5.0,192,-6.0,25.0,39.0,14.0
432,Kristaps,Porzingis,F,910.0,342.0,414.0,107.0,438.0,96.0,120.0,233.0,225.0,86.0,1118.0,124831,45.0,1512,-99.0,183.0,295.0,126.0
432,Kristaps,Porzingis,G,16.0,6.0,11.0,1.0,10.0,4.0,1.0,4.0,2.0,2.0,24.0,2379,0.0,42,13.0,1.0,5.0,0.0
433,Dwight,Powell,C,20.0,12.0,12.0,0.0,19.0,7.0,2.0,9.0,5.0,4.0,31.0,4508,4.0,24,-7.0,7.0,1.0,1.0
433,Dwight,Powell,F,30.0,14.0,12.0,4.0,17.0,3.0,4.0,13.0,7.0,1.0,38.0,6912,2.0,24,-26.0,10.0,18.0,1.0
437,Taurean,Prince,F,158.0,59.0,73.0,16.0,74.0,15.0,29.0,43.0,44.0,24.0,194.0,45085,19.0,17,-3.0,32.0,50.0,6.0
441,Julius,Randle,C,17.0,12.0,10.0,0.0,13.0,1.0,1.0,5.0,5.0,5.0,24.0,5508,0.0,34,-14.0,4.0,0.0,0.0
441,Julius,Randle,F,822.0,522.0,401.0,17.0,681.0,159.0,193.0,296.0,267.0,279.0,1028.0,162390,57.0,1343,-467.0,209.0,67.0,38.0
442,Zach,Randolph,C,48.0,19.0,15.0,0.0,30.0,11.0,3.0,15.0,7.0,7.0,41.0,7549,3.0,57,-11.0,11.0,9.0,2.0
442,Zach,Randolph,F,77.0,40.0,39.0,2.0,49.0,9.0,6.0,15.0,13.0,7.0,89.0,15276,4.0,114,-13.0,9.0,8.0,3.0
444,JJ,Redick,G,982.0,175.0,431.0,216.0,186.0,11.0,112.0,226.0,147.0,127.0,1279.0,193775,56.0,1440,417.0,201.0,517.0,13.0
445,Willie,Reed,C,69.0,42.0,46.0,0.0,65.0,23.0,4.0,13.0,20.0,9.0,97.0,13465,4.0,140,15.0,5.0,0.0,11.0
446,Josh,Richardson,F,64.0,19.0,23.0,16.0,22.0,3.0,5.0,9.0,13.0,13.0,68.0,10423,3.0,120,4.0,6.0,40.0,2.0
446,Josh,Richardson,G,322.0,69.0,132.0,43.0,88.0,19.0,46.0,45.0,77.0,93.0,343.0,64279,45.0,560,-82.0,36.0,133.0,29.0
448,Austin,Rivers,F,210.0,41.0,104.0,43.0,47.0,6.0,33.0,50.0,49.0,51.0,287.0,36834,8.0,272,53.0,36.0,93.0,7.0
448,Austin,Rivers,G,200.0,42.0,83.0,29.0,49.0,7.0,39.0,44.0,44.0,66.0,226.0,35154,14.0,256,-43.0,31.0,81.0,0.0
449,Andre,Roberson,F,527.0,334.0,246.0,52.0,451.0,117.0,66.0,137.0,230.0,93.0,598.0,187245,113.0,2200,166.0,54.0,206.0,97.0
450,Brian,Roberts,G,17.0,3.0,5.0,1.0,3.0,0.0,6.0,0.0,0.0,2.0,11.0,5483,2.0,10,-19.0,0.0,6.0,0.0
451,Glenn,Robinson III,F,80.0,37.0,39.0,16.0,42.0,5.0,6.0,13.0,20.0,7.0,104.0,11735,4.0,105,-22.0,10.0,28.0,1.0
451,Glenn,Robinson III,G,124.0,76.0,51.0,15.0,103.0,27.0,18.0,27.0,18.0,23.0,136.0,45616,12.0,330,61.0,19.0,47.0,9.0
453,Thomas,Robinson,F,11.0,3.0,4.0,0.0,8.0,5.0,1.0,2.0,1.0,0.0,9.0,1781,0.0,17,-10.0,1.0,0.0,0.0
454,Sergio,Rodriguez,G,297.0,83.0,121.0,53.0,95.0,12.0,81.0,13.0,47.0,199.0,306.0,56285,32.0,864,-121.0,11.0,142.0,4.0
455,Rajon,Rondo,G,447.0,248.0,185.0,38.0,315.0,67.0,140.0,40.0,117.0,364.0,430.0,98698,71.0,294,21.0,22.0,106.0,10.0
456,Derrick,Rose,G,991.0,181.0,467.0,13.0,248.0,67.0,149.0,256.0,85.0,288.0,1170.0,134306,44.0,1560,-188.0,223.0,61.0,18.0
457,Terrence,Ross,F,267.0,64.0,115.0,46.0,68.0,4.0,35.0,27.0,61.0,43.0,299.0,61674,34.0,624,-33.0,23.0,135.0,13.0
458,Terry,Rozier,G,7.0,2.0,5.0,3.0,2.0,0.0,0.0,0.0,2.0,2.0,13.0,1512,1.0,2,-7.0,0.0,4.0,0.0
459,Ricky,Rubio,G,680.0,254.0,273.0,62.0,326.0,72.0,204.0,302.0,214.0,716.0,877.0,172571,142.0,1782,60.0,269.0,205.0,10.0
461,Brandon,Rush,F,23.0,7.0,11.0,6.0,8.0,1.0,2.0,2.0,3.0,6.0,30.0,5411,5.0,66,72.0,2.0,10.0,2.0
461,Brandon,Rush,G,161.0,70.0,60.0,39.0,86.0,16.0,23.0,16.0,38.0,37.0,171.0,81813,18.0,726,-66.0,12.0,100.0,21.0
462,D'Angelo,Russell,F,9.0,2.0,5.0,2.0,3.0,1.0,1.0,0.0,0.0,4.0,12.0,2379,2.0,39,-5.0,0.0,6.0,0.0
462,D'Angelo,Russell,G,947.0,205.0,391.0,150.0,237.0,32.0,195.0,206.0,141.0,339.0,1097.0,140229,95.0,1156,-335.0,165.0,422.0,17.0
463,Domantas,Sabonis,F,437.0,220.0,182.0,47.0,263.0,43.0,81.0,59.0,179.0,83.0,452.0,142534,37.0,1800,5.0,41.0,154.0,26.0
468,Dario,Saric,F,532.0,224.0,224.0,53.0,277.0,53.0,118.0,132.0,92.0,109.0,605.0,91258,31.0,1134,-240.0,104.0,170.0,18.0
468,Dario,Saric,G,10.0,3.0,7.0,3.0,5.0,2.0,1.0,0.0,0.0,4.0,17.0,2379,1.0,42,14.0,0.0,5.0,0.0
472,Dennis,Schroder,G,1356.0,225.0,614.0,121.0,272.0,47.0,280.0,297.0,177.0,564.0,1603.0,190013,84.0,89,-64.0,254.0,342.0,16.0
473,Luis,Scola,C,10.0,1.0,4.0,1.0,5.0,4.0,1.0,0.0,2.0,0.0,9.0,1948,0.0,4,-7.0,0.0,3.0,0.0
475,Thabo,Sefolosha,F,285.0,153.0,122.0,36.0,189.0,36.0,39.0,57.0,76.0,79.0,323.0,92423,59.0,43,-63.0,43.0,94.0,27.0
476,Kevin,Seraphin,C,8.0,5.0,3.0,0.0,9.0,4.0,2.0,0.0,4.0,0.0,6.0,2889,2.0,30,8.0,0.0,0.0,0.0
476,Kevin,Seraphin,F,20.0,10.0,12.0,0.0,12.0,2.0,4.0,4.0,7.0,3.0,25.0,7091,0.0,45,-26.0,1.0,1.0,1.0
477,Ramon,Sessions,G,24.0,5.0,5.0,1.0,7.0,2.0,4.0,6.0,4.0,10.0,16.0,3353,0.0,10,-3.0,5.0,6.0,0.0
478,Iman,Shumpert,F,11.0,5.0,5.0,0.0,5.0,0.0,0.0,0.0,4.0,3.0,10.0,2562,0.0,7,-8.0,0.0,2.0,0.0
478,Iman,Shumpert,G,252.0,87.0,103.0,54.0,101.0,14.0,29.0,35.0,59.0,40.0,287.0,75048,28.0,231,76.0,27.0,140.0,11.0
480,AMIT,SIMHON,F,15.0,2.0,6.0,3.0,3.0,1.0,3.0,2.0,4.0,0.0,17.0,1470,2.0,13,-12.0,2.0,7.0,0.0
482,Jonathon,Simmons,F,70.0,11.0,27.0,4.0,15.0,4.0,5.0,12.0,19.0,16.0,67.0,13289,4.0,155,-69.0,9.0,14.0,2.0
482,Jonathon,Simmons,G,74.0,16.0,29.0,4.0,19.0,3.0,14.0,15.0,20.0,22.0,73.0,19294,5.0,248,58.0,11.0,24.0,0.0
484,Kyle,Singler,F,35.0,18.0,17.0,10.0,19.0,1.0,5.0,9.0,11.0,3.0,51.0,8458,2.0,100,-19.0,7.0,18.0,1.0
486,Marcus,Smart,F,52.0,16.0,20.0,7.0,21.0,5.0,7.0,6.0,9.0,20.0,50.0,8388,12.0,10,13.0,3.0,22.0,1.0
486,Marcus,Smart,G,245.0,72.0,94.0,34.0,96.0,24.0,59.0,83.0,59.0,111.0,292.0,52854,56.0,48,70.0,70.0,108.0,7.0
488,Ish,Smith,G,429.0,113.0,188.0,20.0,125.0,12.0,55.0,58.0,71.0,232.0,441.0,73539,28.0,380,3.0,45.0,56.0,17.0
489,JR,Smith,F,18.0,5.0,3.0,2.0,6.0,1.0,3.0,0.0,5.0,6.0,8.0,5487,3.0,14,-14.0,0.0,11.0,0.0
489,JR,Smith,G,396.0,112.0,156.0,123.0,131.0,19.0,34.0,26.0,107.0,62.0,450.0,120533,47.0,364,177.0,15.0,307.0,17.0
492,Tony,Snell,F,30.0,4.0,12.0,2.0,6.0,2.0,2.0,0.0,14.0,4.0,26.0,7982,0.0,84,-32.0,0.0,16.0,0.0
492,Tony,Snell,G,1140.0,472.0,524.0,318.0,518.0,46.0,112.0,116.0,270.0,206.0,1460.0,371428,112.0,3528,-184.0,94.0,756.0,30.0
493,Marreese,Speights,C,15.0,9.0,6.0,2.0,13.0,4.0,3.0,1.0,6.0,2.0,15.0,4055,2.0,32,-12.0,1.0,6.0,2.0
493,Marreese,Speights,F,21.0,8.0,9.0,3.0,9.0,1.0,3.0,4.0,7.0,3.0,24.0,7776,1.0,48,-15.0,3.0,10.0,1.0
496,Nik,Stauskas,F,39.0,12.0,9.0,4.0,13.0,1.0,6.0,18.0,13.0,12.0,34.0,7787,3.0,108,-26.0,12.0,25.0,4.0
496,Nik,Stauskas,G,178.0,55.0,65.0,35.0,60.0,5.0,32.0,24.0,52.0,50.0,187.0,50622,15.0,621,-46.0,22.0,100.0,10.0
504,Edy,Tavares,C,10.0,10.0,6.0,0.0,14.0,4.0,4.0,0.0,4.0,4.0,12.0,2924,0.0,2,-2.0,0.0,0.0,2.0
505,Jeff,Teague,G,1018.0,323.0,452.0,105.0,361.0,38.0,238.0,456.0,190.0,690.0,1400.0,195761,112.0,1380,72.0,391.0,287.0,37.0
506,Mirza,Teletovic,F,45.0,11.0,14.0,7.0,12.0,1.0,6.0,6.0,7.0,5.0,41.0,8104,4.0,105,-26.0,6.0,28.0,1.0
507,Garrett,Temple,F,102.0,31.0,42.0,19.0,34.0,3.0,20.0,23.0,34.0,39.0,119.0,30745,24.0,390,-74.0,16.0,55.0,4.0
507,Garrett,Temple,G,68.0,18.0,29.0,16.0,23.0,5.0,15.0,15.0,18.0,26.0,87.0,15742,9.0,240,-64.0,13.0,39.0,5.0
510,Isaiah,Thomas,G,1774.0,210.0,812.0,288.0,259.0,49.0,269.0,780.0,210.0,559.0,2610.0,212864,85.0,192,314.0,698.0,768.0,15.0
511,Lance,Thomas,F,127.0,56.0,51.0,17.0,73.0,17.0,11.0,31.0,35.0,19.0,144.0,36100,11.0,384,-62.0,25.0,42.0,1.0
512,Hollis,Thompson,G,96.0,54.0,26.0,12.0,62.0,8.0,4.0,14.0,32.0,20.0,74.0,42734,16.0,422,46.0,10.0,52.0,2.0
514,Klay,Thompson,G,1700.0,306.0,782.0,331.0,369.0,63.0,160.0,267.0,190.0,210.0,2123.0,224604,86.0,1122,1069.0,228.0,805.0,47.0
515,Tristan,Thompson,C,532.0,519.0,319.0,0.0,874.0,355.0,86.0,282.0,216.0,106.0,790.0,217539,48.0,679,212.0,152.0,3.0,98.0
515,Tristan,Thompson,F,6.0,1.0,5.0,0.0,4.0,3.0,1.0,2.0,0.0,0.0,10.0,2750,1.0,7,-17.0,0.0,0.0,0.0
517,Anthony,Tolliver,F,79.0,38.0,32.0,16.0,47.0,9.0,11.0,16.0,16.0,11.0,92.0,19969,13.0,270,-21.0,12.0,45.0,3.0
519,Karl-Anthony,Towns,C,1526.0,740.0,824.0,104.0,1044.0,304.0,223.0,465.0,255.0,229.0,2141.0,183201,57.0,1914,21.0,389.0,287.0,107.0
519,Karl-Anthony,Towns,F,19.0,15.0,8.0,1.0,19.0,4.0,0.0,8.0,2.0,2.0,24.0,2371,1.0,22,13.0,7.0,2.0,0.0
519,Karl-Anthony,Towns,G,14.0,9.0,11.0,0.0,11.0,2.0,2.0,2.0,1.0,3.0,24.0,2379,2.0,39,-18.0,2.0,2.0,0.0
520,P.J.,Tucker,F,157.0,88.0,69.0,30.0,118.0,30.0,20.0,24.0,55.0,30.0,189.0,45384,36.0,666,-82.0,21.0,73.0,7.0
521,Evan,Turner,F,174.0,57.0,71.0,13.0,66.0,9.0,32.0,39.0,33.0,70.0,187.0,40154,18.0,493,-11.0,32.0,47.0,6.0
522,Myles,Turner,C,957.0,491.0,484.0,41.0,643.0,152.0,112.0,319.0,287.0,114.0,1264.0,191141,82.0,1335,171.0,255.0,126.0,186.0
522,Myles,Turner,G,8.0,2.0,5.0,2.0,4.0,2.0,2.0,0.0,3.0,0.0,12.0,2379,1.0,39,-19.0,0.0,4.0,1.0
523,Beno,Udrih,G,4.0,2.0,2.0,0.0,2.0,0.0,2.0,0.0,2.0,4.0,4.0,2992,2.0,40,-8.0,0.0,0.0,0.0
524,Tyler,Ulis,G,240.0,43.0,100.0,13.0,54.0,11.0,38.0,40.0,31.0,127.0,242.0,39624,18.0,420,-126.0,29.0,52.0,2.0
528,Anderson,Varejao,C,2.0,2.0,0.0,0.0,5.0,3.0,2.0,0.0,3.0,2.0,0.0,1879,1.0,11,-18.0,0.0,0.0,0.0
530,Greivis,Vasquez,G,5.0,2.0,1.0,0.0,2.0,0.0,1.0,0.0,1.0,2.0,2.0,1457,0.0,4,-7.0,0.0,4.0,0.0
531,Rashad,Vaughn,G,23.0,1.0,7.0,3.0,3.0,2.0,6.0,2.0,5.0,5.0,18.0,6614,3.0,63,-36.0,1.0,9.0,1.0
533,Noah,Vonleh,C,15.0,10.0,4.0,0.0,16.0,6.0,5.0,10.0,13.0,6.0,16.0,10950,1.0,116,-48.0,8.0,0.0,3.0
533,Noah,Vonleh,F,187.0,179.0,98.0,2.0,277.0,98.0,42.0,57.0,105.0,22.0,230.0,93904,21.0,1131,4.0,32.0,3.0,12.0
534,Nikola,Vucevic,C,814.0,484.0,375.0,16.0,633.0,149.0,96.0,138.0,144.0,167.0,862.0,129421,63.0,1586,-133.0,96.0,50.0,54.0
535,Sasha,Vujacic,F,12.0,3.0,4.0,1.0,4.0,1.0,1.0,0.0,3.0,7.0,9.0,2664,1.0,24,4.0,0.0,5.0,0.0
535,Sasha,Vujacic,G,22.0,11.0,4.0,2.0,15.0,4.0,3.0,4.0,6.0,8.0,13.0,8223,4.0,96,-29.0,3.0,13.0,1.0
536,Dwyane,Wade,G,1087.0,243.0,465.0,58.0,313.0,70.0,157.0,314.0,132.0,276.0,1239.0,146155,96.0,426,-68.0,251.0,178.0,54.0
537,Dion,Waiters,G,672.0,135.0,289.0,89.0,154.0,19.0,104.0,136.0,96.0,209.0,756.0,95595,43.0,940,109.0,89.0,219.0,21.0
538,Kemba,Walker,G,1506.0,280.0,664.0,249.0,330.0,50.0,181.0,371.0,126.0,453.0,1892.0,177430,92.0,425,178.0,315.0,626.0,24.0
540,T.J.,Warren,F,809.0,212.0,407.0,21.0,338.0,126.0,59.0,145.0,173.0,74.0,948.0,139222,75.0,1820,-270.0,113.0,88.0,40.0
541,C.J.,Watson,G,66.0,16.0,30.0,8.0,19.0,3.0,18.0,27.0,20.0,23.0,92.0,20458,11.0,234,-20.0,24.0,23.0,0.0
542,Briante,Weber,G,24.0,21.0,3.0,0.0,21.0,0.0,12.0,0.0,9.0,21.0,6.0,4557,6.0,60,-36.0,0.0,9.0,0.0
544,Russell,Westbrook,G,2171.0,792.0,916.0,220.0,938.0,146.0,482.0,945.0,218.0,933.0,2842.0,195676,152.0,2300,305.0,790.0,649.0,33.0
545,Isaiah,Whitehead,G,182.0,57.0,69.0,15.0,64.0,7.0,54.0,32.0,69.0,78.0,178.0,50143,16.0,104,-74.0,25.0,51.0,17.0
546,Hassan,Whiteside,C,1028.0,844.0,578.0,0.0,1150.0,306.0,163.0,389.0,242.0,60.0,1398.0,174211,60.0,1660,115.0,242.0,0.0,175.0
548,Andrew,Wiggins,F,1576.0,228.0,700.0,100.0,332.0,104.0,185.0,543.0,188.0,186.0,1915.0,178490,82.0,1848,-34.0,415.0,285.0,33.0
548,Andrew,Wiggins,G,47.0,6.0,29.0,4.0,8.0,2.0,3.0,33.0,4.0,5.0,87.0,4042,2.0,44,43.0,25.0,9.0,1.0
551,Deron,Williams,G,1084.0,226.0,476.0,152.0,254.0,28.0,262.0,200.0,228.0,626.0,1268.0,192086,54.0,776,-314.0,164.0,430.0,6.0
552,Derrick,Williams,F,222.0,80.0,90.0,24.0,96.0,16.0,14.0,48.0,38.0,26.0,234.0,54290,12.0,640,10.0,30.0,94.0,6.0
553,Lou,Williams,G,130.0,24.0,48.0,22.0,28.0,4.0,16.0,60.0,18.0,32.0,168.0,21956,14.0,238,-30.0,50.0,62.0,2.0
554,Marvin,Williams,F,732.0,427.0,307.0,126.0,518.0,91.0,65.0,165.0,139.0,110.0,886.0,170957,60.0,400,-65.0,146.0,370.0,54.0
556,Troy,Williams,F,124.0,42.0,56.0,26.0,58.0,16.0,20.0,26.0,46.0,14.0,158.0,25984,14.0,198,46.0,20.0,60.0,2.0
556,Troy,Williams,G,184.0,60.0,76.0,14.0,66.0,6.0,40.0,42.0,54.0,32.0,196.0,43634,38.0,456,-132.0,30.0,64.0,16.0
558,Justise,Winslow,F,250.0,83.0,90.0,11.0,106.0,23.0,38.0,45.0,62.0,73.0,220.0,35257,22.0,420,23.0,29.0,47.0,7.0
562,Metta,World Peace,F,2.0,1.0,0.0,0.0,1.0,0.0,0.0,0.0,2.0,0.0,0.0,1455,1.0,17,-5.0,0.0,1.0,0.0
562,Metta,World Peace,G,22.0,3.0,9.0,4.0,5.0,2.0,1.0,0.0,3.0,2.0,22.0,4588,3.0,34,-16.0,0.0,10.0,0.0
563,Brandan,Wright,C,25.0,9.0,16.0,0.0,11.0,2.0,4.0,7.0,7.0,3.0,37.0,7984,0.0,57,20.0,5.0,0.0,5.0
563,Brandan,Wright,F,12.0,6.0,8.0,0.0,6.0,0.0,0.0,2.0,5.0,3.0,17.0,4963,2.0,38,-12.0,1.0,0.0,0.0
569,Nick,Young,F,40.0,12.0,18.0,11.0,12.0,0.0,1.0,9.0,9.0,4.0,52.0,6639,6.0,68,-32.0,5.0,28.0,0.0
569,Nick,Young,G,625.0,113.0,268.0,168.0,138.0,25.0,36.0,88.0,135.0,58.0,780.0,119654,36.0,1003,-186.0,76.0,416.0,14.0
570,Thaddeus,Young,F,778.0,363.0,412.0,49.0,525.0,162.0,111.0,105.0,155.0,144.0,931.0,177101,128.0,1260,94.0,58.0,130.0,32.0
571,Cody,Zeller,C,418.0,260.0,238.0,0.0,386.0,126.0,62.0,183.0,177.0,93.0,602.0,124459,58.0,290,207.0,126.0,1.0,55.0
572,Tyler,Zeller,C,44.0,21.0,25.0,0.0,31.0,10.0,2.0,10.0,18.0,14.0,58.0,9684,2.0,12,2.0,8.0,0.0,6.0
574,Paul,Zipser,F,104.0,51.0,42.0,11.0,58.0,7.0,22.0,22.0,39.0,20.0,113.0,41369,7.0,102,-20.0,18.0,41.0,8.0
574,Paul,Zipser,G,8.0,5.0,3.0,1.0,6.0,1.0,2.0,0.0,7.0,2.0,7.0,4950,0.0,12,-10.0,0.0,1.0,1.0
575,Ivica,Zubac,C,93.0,47.0,54.0,0.0,60.0,13.0,10.0,18.0,31.0,14.0,121.0,28961,6.0,204,-25.0,13.0,2.0,8.0
576,Will,Bynum,G,11.0,0.0,3.0,0.0,0.0,0.0,0.0,2.0,3.0,4.0,8.0,1500,0.0,1,6.0,2.0,2.0,1.0
579,Jonathan,Holmes,C,12.0,4.0,7.0,2.0,6.0,2.0,2.0,0.0,5.0,1.0,16.0,1489,0.0,7,-7.0,0.0,5.0,2.0
594,Wayne,Selden,F,10.0,4.0,4.0,0.0,4.0,0.0,4.0,4.0,10.0,6.0,10.0,5350,2.0,38,8.0,2.0,4.0,0.0
594,Wayne,Selden,G,66.0,26.0,24.0,10.0,28.0,2.0,10.0,16.0,22.0,10.0,66.0,34440,10.0,290,-32.0,8.0,40.0,2.0
598,Yogi,Ferrell,G,580.0,130.0,232.0,94.0,158.0,28.0,92.0,138.0,128.0,268.0,680.0,144894,66.0,464,-178.0,122.0,248.0,12.0
600,Alex,Poythress,F,28.0,6.0,18.0,0.0,12.0,6.0,0.0,0.0,6.0,2.0,36.0,5504,2.0,54,-10.0,0.0,6.0,2.0
677,OZ,BLAYZER,F,9.0,1.0,2.0,2.0,3.0,2.0,1.0,2.0,5.0,1.0,8.0,1470,2.0,13,-27.0,2.0,4.0,0.0
678,JOHN,DIBARTOLOMEO,G,10.0,4.0,3.0,2.0,5.0,1.0,2.0,2.0,3.0,3.0,10.0,1470,1.0,13,-44.0,2.0,6.0,0.0
681,TONY,MITCHELL,C,7.0,1.0,3.0,0.0,4.0,3.0,4.0,0.0,4.0,2.0,6.0,1470,0.0,13,-16.0,0.0,0.0,0.0
692,Orlando,Johnson,G,9.0,4.0,3.0,1.0,5.0,1.0,0.0,0.0,1.0,1.0,7.0,1498,0.0,21,-27.0,0.0,4.0,0.0
697,DJ,Stephens,G,9.0,4.0,4.0,2.0,8.0,4.0,1.0,6.0,1.0,2.0,13.0,1452,4.0,19,-2.0,3.0,4.0,1.0
709,Cory,Jefferson,C,7.0,9.0,5.0,0.0,11.0,2.0,1.0,3.0,5.0,1.0,13.0,1467,0.0,7,5.0,3.0,1.0,0.0
709,Cory,Jefferson,F,7.0,2.0,4.0,0.0,2.0,0.0,0.0,1.0,4.0,1.0,9.0,1489,0.0,7,-3.0,1.0,1.0,0.0
714,Rasual,Butler,F,5.0,2.0,1.0,0.0,3.0,1.0,1.0,0.0,4.0,1.0,2.0,1501,1.0,22,-23.0,0.0,1.0,0.0
723,David,Nwaba,G,5.0,3.0,2.0,0.0,3.0,0.0,1.0,4.0,4.0,0.0,8.0,5050,1.0,34,-10.0,4.0,1.0,2.0
